[{"CalcKey":48,"KeyboardAction":null,"MouseButtonAction":null,"MouseMoveAction":1},{"CalcKey":45,"KeyboardAction":null,"MouseButtonAction":null,"MouseMoveAction":0},{"CalcKey":46,"KeyboardAction":null,"MouseButtonAction":null,"MouseMoveAction":2},{"CalcKey":47,"KeyboardAction":null,"MouseButtonAction":null,"MouseMoveAction":3},{"CalcKey":4,"KeyboardAction":null,"MouseButtonAction":1048576,"MouseMoveAction":null},{"CalcKey":0,"KeyboardAction":null,"MouseButtonAction":2097152,"MouseMoveAction":null},{"CalcKey":2,"KeyboardAction":null,"MouseButtonAction":4194304,"MouseMoveAction":null}]