[{"CalcKey":48,"KeyboardAction":null,"MouseButtonAction":null,"MouseMoveAction":1},{"CalcKey":45,"KeyboardAction":null,"MouseButtonAction":null,"MouseMoveAction":0},{"CalcKey":46,"KeyboardAction":null,"MouseButtonAction":null,"MouseMoveAction":2},{"CalcKey":47,"KeyboardAction":null,"MouseButtonAction":null,"MouseMoveAction":3},{"CalcKey":4,"KeyboardAction":null,"MouseButtonAction":1048576,"MouseMoveAction":null},{"CalcKey":0,"KeyboardAction":null,"MouseButtonAction":2097152,"MouseMoveAction":null},{"CalcKey":2,"KeyboardAction":null,"MouseButtonAction":4194304,"MouseMoveAction":null},{"CalcKey":13,"KeyboardAction":65,"MouseButtonAction":null,"MouseMoveAction":null},{"CalcKey":21,"KeyboardAction":66,"MouseButtonAction":null,"MouseMoveAction":null},{"CalcKey":29,"KeyboardAction":67,"MouseButtonAction":null,"MouseMoveAction":null},{"CalcKey":12,"KeyboardAction":68,"MouseButtonAction":null,"MouseMoveAction":null},{"CalcKey":20,"KeyboardAction":69,"MouseButtonAction":null,"MouseMoveAction":null},{"CalcKey":28,"KeyboardAction":70,"MouseButtonAction":null,"MouseMoveAction":null},{"CalcKey":36,"KeyboardAction":71,"MouseButtonAction":null,"MouseMoveAction":null},{"CalcKey":43,"KeyboardAction":72,"MouseButtonAction":null,"MouseMoveAction":null},{"CalcKey":11,"KeyboardAction":73,"MouseButtonAction":null,"MouseMoveAction":null},{"CalcKey":19,"KeyboardAction":74,"MouseButtonAction":null,"MouseMoveAction":null},{"CalcKey":27,"KeyboardAction":75,"MouseButtonAction":null,"MouseMoveAction":null},{"CalcKey":35,"KeyboardAction":76,"MouseButtonAction":null,"MouseMoveAction":null},{"CalcKey":42,"KeyboardAction":77,"MouseButtonAction":null,"MouseMoveAction":null},{"CalcKey":10,"KeyboardAction":78,"MouseButtonAction":null,"MouseMoveAction":null},{"CalcKey":18,"KeyboardAction":79,"MouseButtonAction":null,"MouseMoveAction":null},{"CalcKey":26,"KeyboardAction":80,"MouseButtonAction":null,"MouseMoveAction":null},{"CalcKey":34,"KeyboardAction":81,"MouseButtonAction":null,"MouseMoveAction":null},{"CalcKey":41,"KeyboardAction":82,"MouseButtonAction":null,"MouseMoveAction":null},{"CalcKey":9,"KeyboardAction":83,"MouseButtonAction":null,"MouseMoveAction":null},{"CalcKey":17,"KeyboardAction":84,"MouseButtonAction":null,"MouseMoveAction":null},{"CalcKey":25,"KeyboardAction":85,"MouseButtonAction":null,"MouseMoveAction":null},{"CalcKey":33,"KeyboardAction":86,"MouseButtonAction":null,"MouseMoveAction":null},{"CalcKey":40,"KeyboardAction":87,"MouseButtonAction":null,"MouseMoveAction":null},{"CalcKey":8,"KeyboardAction":88,"MouseButtonAction":null,"MouseMoveAction":null},{"CalcKey":16,"KeyboardAction":89,"MouseButtonAction":null,"MouseMoveAction":null},{"CalcKey":24,"KeyboardAction":90,"MouseButtonAction":null,"MouseMoveAction":null},{"CalcKey":15,"KeyboardAction":32,"MouseButtonAction":null,"MouseMoveAction":null},{"CalcKey":38,"KeyboardAction":13,"MouseButtonAction":null,"MouseMoveAction":null},{"CalcKey":5,"KeyboardAction":16,"MouseButtonAction":null,"MouseMoveAction":null},{"CalcKey":14,"KeyboardAction":18,"MouseButtonAction":null,"MouseMoveAction":null},{"CalcKey":44,"KeyboardAction":8,"MouseButtonAction":null,"MouseMoveAction":null}]