[{"CalcKey":48,"KeyboardAction":null,"MouseButtonAction":null,"MouseMoveAction":1},{"CalcKey":45,"KeyboardAction":null,"MouseButtonAction":null,"MouseMoveAction":0},{"CalcKey":46,"KeyboardAction":null,"MouseButtonAction":null,"MouseMoveAction":2},{"CalcKey":47,"KeyboardAction":null,"MouseButtonAction":null,"MouseMoveAction":3},{"CalcKey":4,"KeyboardAction":null,"MouseButtonAction":1048576,"MouseMoveAction":null},{"CalcKey":0,"KeyboardAction":null,"MouseButtonAction":2097152,"MouseMoveAction":null},{"CalcKey":2,"KeyboardAction":null,"MouseButtonAction":4194304,"MouseMoveAction":null},{"CalcKey":22,"KeyboardAction":87,"MouseButtonAction":null,"MouseMoveAction":null},{"CalcKey":13,"KeyboardAction":65,"MouseButtonAction":null,"MouseMoveAction":null},{"CalcKey":20,"KeyboardAction":83,"MouseButtonAction":null,"MouseMoveAction":null},{"CalcKey":29,"KeyboardAction":68,"MouseButtonAction":null,"MouseMoveAction":null},{"CalcKey":21,"KeyboardAction":32,"MouseButtonAction":null,"MouseMoveAction":null},{"CalcKey":12,"KeyboardAction":17,"MouseButtonAction":null,"MouseMoveAction":null},{"CalcKey":28,"KeyboardAction":67,"MouseButtonAction":null,"MouseMoveAction":null},{"CalcKey":14,"KeyboardAction":81,"MouseButtonAction":null,"MouseMoveAction":null},{"CalcKey":30,"KeyboardAction":69,"MouseButtonAction":null,"MouseMoveAction":null},{"CalcKey":6,"KeyboardAction":16,"MouseButtonAction":null,"MouseMoveAction":null},{"CalcKey":42,"KeyboardAction":49,"MouseButtonAction":null,"MouseMoveAction":null},{"CalcKey":41,"KeyboardAction":50,"MouseButtonAction":null,"MouseMoveAction":null},{"CalcKey":40,"KeyboardAction":53,"MouseButtonAction":null,"MouseMoveAction":null},{"CalcKey":39,"KeyboardAction":54,"MouseButtonAction":null,"MouseMoveAction":null},{"CalcKey":38,"KeyboardAction":13,"MouseButtonAction":null,"MouseMoveAction":null},{"CalcKey":7,"KeyboardAction":82,"MouseButtonAction":null,"MouseMoveAction":null},{"CalcKey":3,"KeyboardAction":71,"MouseButtonAction":null,"MouseMoveAction":null},{"CalcKey":5,"KeyboardAction":86,"MouseButtonAction":null,"MouseMoveAction":null},{"CalcKey":1,"KeyboardAction":70,"MouseButtonAction":null,"MouseMoveAction":null},{"CalcKey":8,"KeyboardAction":27,"MouseButtonAction":null,"MouseMoveAction":null},{"CalcKey":9,"KeyboardAction":9,"MouseButtonAction":null,"MouseMoveAction":null},{"CalcKey":44,"KeyboardAction":88,"MouseButtonAction":null,"MouseMoveAction":null}]